-- phpMyAdmin SQL Dump
-- version 4.6.5.2
-- https://www.phpmyadmin.net/
--
-- Host: 127.0.0.1
-- Generation Time: May 13, 2018 at 02:52 AM
-- Server version: 10.1.21-MariaDB
-- PHP Version: 5.6.30

SET SQL_MODE = "NO_AUTO_VALUE_ON_ZERO";
SET time_zone = "+00:00";


/*!40101 SET @OLD_CHARACTER_SET_CLIENT=@@CHARACTER_SET_CLIENT */;
/*!40101 SET @OLD_CHARACTER_SET_RESULTS=@@CHARACTER_SET_RESULTS */;
/*!40101 SET @OLD_COLLATION_CONNECTION=@@COLLATION_CONNECTION */;
/*!40101 SET NAMES utf8mb4 */;

--
-- Database: `spk-tk`
--

-- --------------------------------------------------------

--
-- Table structure for table `kriteria`
--

CREATE TABLE `kriteria` (
  `id_kriteria` int(11) NOT NULL,
  `nama_kriteria` varchar(55) NOT NULL,
  `bobot` float NOT NULL
) ENGINE=InnoDB DEFAULT CHARSET=latin1;

--
-- Dumping data for table `kriteria`
--

INSERT INTO `kriteria` (`id_kriteria`, `nama_kriteria`, `bobot`) VALUES
(1, 'Status TK', 10),
(2, 'Jumlah Guru', 10),
(3, 'Jumlah Kelas', 10),
(4, 'Biaya Pendaftaran', 20),
(5, 'Biaya SPP', 20),
(6, 'Akreditasi', 20),
(7, 'Jarak', 10);

-- --------------------------------------------------------

--
-- Table structure for table `nilai_evaluasi`
--

CREATE TABLE `nilai_evaluasi` (
  `id_evaluasi` int(11) NOT NULL,
  `id_tk` int(11) NOT NULL,
  `id_kriteria` int(11) NOT NULL,
  `nilai` varchar(55) NOT NULL
) ENGINE=InnoDB DEFAULT CHARSET=latin1 ROW_FORMAT=COMPACT;

--
-- Dumping data for table `nilai_evaluasi`
--

INSERT INTO `nilai_evaluasi` (`id_evaluasi`, `id_tk`, `id_kriteria`, `nilai`) VALUES
(1, 1, 1, 'Swasta'),
(2, 1, 2, '7'),
(3, 1, 3, '6'),
(4, 1, 4, '5500000'),
(5, 1, 5, '360000'),
(6, 1, 6, 'B'),
(7, 2, 1, 'Swasta'),
(8, 2, 2, '4'),
(9, 2, 3, '2'),
(10, 2, 4, '350000'),
(11, 2, 5, '50000'),
(12, 2, 6, 'A'),
(13, 3, 1, 'Swasta'),
(14, 3, 2, '4'),
(15, 3, 3, '3'),
(16, 3, 4, '250000'),
(17, 3, 5, '50000'),
(18, 3, 6, 'C'),
(19, 4, 1, 'Swasta'),
(20, 4, 2, '3'),
(21, 4, 3, '3'),
(22, 4, 4, ' 	1750000'),
(23, 4, 5, '250000'),
(24, 4, 6, 'A'),
(25, 5, 1, 'Swasta'),
(26, 5, 2, '9'),
(27, 5, 3, '5'),
(28, 5, 4, ' 	3400000'),
(29, 5, 5, '285000'),
(30, 5, 6, 'B'),
(31, 6, 1, 'Swasta'),
(32, 6, 2, '3'),
(33, 6, 3, '2'),
(34, 6, 4, ' 	1600000'),
(35, 6, 5, '125000'),
(36, 6, 6, 'B'),
(37, 7, 1, 'Swasta'),
(38, 7, 2, '8'),
(39, 7, 3, '7'),
(40, 7, 4, '2800000'),
(41, 7, 5, '285000'),
(42, 7, 6, 'A'),
(43, 8, 1, 'Swasta'),
(44, 8, 2, '4'),
(45, 8, 3, '3'),
(46, 8, 4, '1600000'),
(47, 8, 5, '125000'),
(48, 8, 6, 'B'),
(49, 9, 1, 'Swasta'),
(50, 9, 2, '6'),
(51, 9, 3, '5'),
(52, 9, 4, '950000'),
(53, 9, 5, '160000'),
(54, 9, 6, 'C'),
(55, 10, 1, 'Swasta'),
(56, 10, 2, '7'),
(57, 10, 3, '6'),
(58, 10, 4, '250000'),
(59, 10, 5, '25000'),
(60, 10, 6, 'B'),
(61, 11, 1, 'Swasta'),
(62, 11, 2, '2'),
(63, 11, 3, '2'),
(64, 11, 4, '1600000'),
(65, 11, 5, '220000'),
(66, 11, 6, 'B'),
(67, 12, 1, 'Swasta'),
(68, 12, 2, '1'),
(69, 12, 3, '1'),
(70, 12, 4, '450000'),
(71, 12, 5, '80000'),
(72, 12, 6, 'B'),
(73, 13, 1, 'Swasta'),
(74, 13, 2, '3'),
(75, 13, 3, '1'),
(76, 13, 4, ' 	1700000'),
(77, 13, 5, ' 	175000'),
(78, 13, 6, 'A'),
(79, 14, 1, 'Swasta'),
(80, 14, 2, '2'),
(81, 14, 3, '3'),
(82, 14, 4, ' 	895000'),
(83, 14, 5, '85000'),
(84, 14, 6, 'Belum Diakreditasi'),
(85, 15, 1, 'Swasta'),
(86, 15, 2, '1'),
(87, 15, 3, '2'),
(88, 15, 4, ' 	250000'),
(89, 15, 5, '25000'),
(90, 15, 6, 'B'),
(91, 16, 1, 'Swasta'),
(92, 16, 2, '1'),
(93, 16, 3, '3'),
(94, 16, 4, '450000'),
(95, 16, 5, '80000'),
(96, 16, 6, 'C'),
(97, 17, 1, 'Swasta'),
(98, 17, 2, '3'),
(99, 17, 3, '3'),
(100, 17, 4, '1750000'),
(101, 17, 5, '250000'),
(102, 17, 6, 'A'),
(103, 18, 1, 'Swasta'),
(104, 18, 2, '2'),
(105, 18, 3, '8'),
(106, 18, 4, '1600000'),
(107, 18, 5, '125000'),
(108, 18, 6, 'B'),
(109, 19, 1, 'Swasta'),
(110, 19, 2, '3'),
(111, 19, 3, '4'),
(112, 19, 4, '450000'),
(113, 19, 5, '80000'),
(114, 19, 6, 'B'),
(115, 20, 1, 'Swasta'),
(116, 20, 2, '3'),
(117, 20, 3, '8'),
(118, 20, 4, '450000'),
(119, 20, 5, '80000'),
(120, 20, 6, 'C'),
(121, 21, 1, 'Negeri'),
(122, 21, 2, '8'),
(123, 21, 3, '5'),
(124, 21, 4, '1500000'),
(125, 21, 5, '150000'),
(126, 21, 6, 'A'),
(127, 22, 1, 'Swasta'),
(128, 22, 2, '4'),
(129, 22, 3, '5'),
(130, 22, 4, '750000'),
(131, 22, 5, '150000'),
(132, 22, 6, 'B'),
(133, 23, 1, 'Swasta'),
(134, 23, 2, '8'),
(135, 23, 3, '3'),
(136, 23, 4, '1647000'),
(137, 23, 5, '420000'),
(138, 23, 6, 'A'),
(139, 24, 1, 'Swasta'),
(140, 24, 2, '5'),
(141, 24, 3, '4'),
(142, 24, 4, '2550000'),
(143, 24, 5, '350000'),
(144, 24, 6, 'A'),
(145, 25, 1, 'Swasta'),
(146, 25, 2, '5'),
(147, 25, 3, '4'),
(148, 25, 4, '1600000'),
(149, 25, 5, '125000'),
(150, 25, 6, 'B'),
(151, 27, 1, 'Swasta'),
(152, 27, 2, '2'),
(153, 27, 3, '4'),
(154, 27, 4, ' 	450000'),
(155, 27, 5, '80000'),
(156, 27, 6, 'B'),
(157, 28, 1, 'Swasta'),
(158, 28, 2, '4'),
(159, 28, 3, '4'),
(160, 28, 4, ' 	1750000'),
(161, 28, 5, '250000'),
(162, 28, 6, 'A'),
(163, 29, 1, 'Swasta'),
(164, 29, 2, '2'),
(165, 29, 3, '2'),
(166, 29, 4, ' 	450000'),
(167, 29, 5, '80000'),
(168, 29, 6, 'C'),
(169, 30, 1, 'Swasta'),
(170, 30, 2, '3'),
(171, 30, 3, '4'),
(172, 30, 4, ' 	1000000'),
(173, 30, 5, '75000'),
(174, 30, 6, 'A'),
(175, 31, 1, 'Swasta'),
(176, 31, 2, '4'),
(177, 31, 3, '3'),
(178, 31, 4, ' 	1250000'),
(179, 31, 5, '600000'),
(180, 31, 6, 'B'),
(181, 32, 1, 'Swasta'),
(182, 32, 2, '4'),
(183, 32, 3, '2'),
(184, 30, 4, '1600000'),
(185, 32, 5, ' 	125000'),
(186, 32, 6, 'B'),
(187, 33, 1, 'Swasta'),
(188, 33, 2, '4'),
(189, 33, 3, '5'),
(190, 33, 4, '5500000'),
(191, 33, 5, ' 	360000'),
(192, 33, 6, 'A'),
(193, 34, 1, 'Swasta'),
(194, 34, 2, '2'),
(195, 34, 3, '4'),
(196, 34, 4, '3000000'),
(197, 34, 5, '300000'),
(198, 34, 6, 'B'),
(199, 35, 1, 'Swasta'),
(200, 35, 2, '4'),
(201, 35, 3, '4'),
(202, 35, 4, '250000'),
(203, 35, 5, '25000'),
(204, 35, 6, 'Belum Diakreditasi'),
(205, 36, 1, 'Swasta'),
(206, 36, 2, '3'),
(207, 36, 3, '1'),
(208, 36, 4, '250000'),
(209, 36, 5, '25000'),
(210, 36, 6, 'B'),
(211, 37, 1, 'Swasta'),
(212, 37, 2, '2'),
(213, 37, 3, '3'),
(214, 37, 4, '1600000'),
(215, 37, 5, '125000'),
(216, 37, 6, 'A'),
(217, 38, 1, 'Swasta'),
(218, 38, 2, '5'),
(219, 38, 3, '3'),
(220, 38, 4, '1647000'),
(221, 38, 5, '420000'),
(222, 38, 6, 'A'),
(223, 39, 1, 'Swasta'),
(224, 39, 2, '4'),
(225, 39, 3, '5'),
(226, 39, 4, '1600000'),
(227, 39, 5, '150000'),
(228, 39, 6, 'C'),
(229, 40, 1, 'Swasta'),
(230, 40, 2, '4'),
(231, 40, 3, '3'),
(232, 40, 4, '450000'),
(233, 40, 5, '600000'),
(234, 40, 6, 'A'),
(235, 41, 1, 'Swasta'),
(236, 41, 2, '1'),
(237, 41, 3, '3'),
(238, 41, 4, '1250000'),
(239, 41, 5, '80000'),
(240, 41, 6, 'A'),
(241, 42, 1, 'Swasta'),
(242, 42, 2, '3'),
(243, 42, 3, '7'),
(244, 42, 4, '450000'),
(245, 42, 5, '250000'),
(246, 42, 6, 'B'),
(247, 43, 1, 'Swasta'),
(248, 43, 2, '3'),
(249, 43, 3, '7'),
(250, 43, 4, '1750000'),
(251, 43, 5, '360000'),
(252, 43, 6, 'B'),
(253, 44, 1, 'Swasta'),
(254, 44, 2, '5'),
(255, 44, 3, '1'),
(256, 44, 4, '5500000'),
(257, 44, 5, '360000'),
(258, 44, 6, 'B'),
(259, 45, 1, 'Swasta'),
(260, 45, 2, '3'),
(261, 45, 3, '1'),
(262, 45, 4, '5500000'),
(263, 45, 5, '250000'),
(264, 45, 6, 'B'),
(265, 46, 1, 'Swasta'),
(266, 46, 2, '3'),
(267, 46, 3, '2'),
(268, 46, 4, '1750000'),
(269, 46, 5, '80000'),
(270, 46, 6, 'B'),
(271, 47, 1, 'Swasta'),
(272, 47, 2, '7'),
(273, 47, 3, '4'),
(274, 47, 4, ' 	125000'),
(275, 47, 5, '600000'),
(276, 47, 6, 'Swasta'),
(277, 48, 1, 'Swasta'),
(278, 48, 2, '7'),
(279, 48, 3, '2'),
(280, 48, 4, ' 	125000'),
(281, 48, 5, '80000'),
(282, 48, 6, 'B'),
(283, 49, 1, 'Swasta'),
(284, 49, 2, '1'),
(285, 49, 3, '14'),
(286, 49, 4, '450000'),
(287, 49, 5, '360000'),
(288, 49, 6, 'B'),
(289, 50, 1, 'Swasta'),
(290, 50, 2, '1'),
(291, 50, 3, '10'),
(292, 50, 4, '5500000'),
(293, 50, 5, '125000'),
(294, 50, 6, 'B'),
(295, 51, 1, 'Swasta'),
(296, 51, 2, '2'),
(297, 51, 3, '3'),
(298, 51, 4, '1600000'),
(299, 51, 5, '150000'),
(300, 51, 6, 'A'),
(301, 52, 1, 'Swasta'),
(302, 52, 2, '4'),
(303, 52, 3, '2'),
(304, 52, 4, '1500000'),
(305, 52, 5, '25000'),
(306, 52, 6, 'B'),
(307, 53, 1, 'Swasta'),
(308, 53, 2, '2'),
(309, 53, 3, '6'),
(310, 53, 4, '250000'),
(311, 53, 5, ' 	250000'),
(312, 53, 6, 'B'),
(313, 54, 1, 'Swasta'),
(314, 54, 2, '14'),
(315, 54, 3, '1'),
(316, 54, 4, '1750000'),
(317, 54, 5, '150000'),
(318, 54, 6, 'A'),
(319, 55, 1, 'Swasta'),
(320, 55, 2, '10'),
(321, 55, 3, '3'),
(322, 55, 4, ' 	1500000'),
(323, 55, 5, '300000'),
(324, 55, 6, 'A'),
(325, 56, 1, 'Swasta'),
(326, 56, 2, '3'),
(327, 56, 3, '3'),
(328, 56, 4, '3725000'),
(329, 56, 5, '80000'),
(330, 56, 6, 'B'),
(331, 57, 1, 'Swasta'),
(332, 57, 2, '2'),
(333, 57, 3, '2'),
(334, 57, 4, '125000'),
(335, 57, 5, '80000'),
(336, 57, 6, 'A'),
(337, 58, 1, 'Swasta'),
(338, 58, 2, '6'),
(339, 58, 3, '1'),
(340, 58, 4, '450000'),
(341, 58, 5, '360000'),
(342, 58, 6, 'A'),
(343, 59, 1, 'Swasta'),
(344, 59, 2, '1'),
(345, 59, 3, '2'),
(346, 59, 4, '5500000'),
(347, 59, 5, '80000'),
(348, 59, 6, 'C'),
(349, 60, 1, 'Swasta'),
(350, 60, 2, '3'),
(351, 60, 3, '3'),
(352, 60, 4, '125000'),
(353, 60, 5, '125000'),
(354, 60, 6, 'B'),
(355, 61, 1, 'Swasta'),
(356, 61, 2, '3'),
(357, 61, 3, '2'),
(358, 61, 4, '250000'),
(359, 61, 5, '25000'),
(360, 61, 6, 'B'),
(361, 62, 1, 'Swasta'),
(362, 62, 2, '2'),
(363, 62, 3, '5'),
(364, 62, 4, '5500000'),
(365, 62, 5, '360000'),
(366, 62, 6, 'A'),
(367, 63, 1, 'Swasta'),
(368, 63, 2, '1'),
(369, 63, 3, '7'),
(370, 63, 4, '450000'),
(371, 63, 5, '80000'),
(372, 63, 6, 'B'),
(373, 64, 1, 'Swasta'),
(374, 64, 2, '2'),
(375, 64, 3, '4'),
(376, 64, 4, ' 	125000'),
(377, 64, 5, '80000'),
(378, 64, 6, 'Belum Diakreditasi'),
(379, 65, 1, 'Swasta'),
(380, 65, 2, '3'),
(381, 65, 3, '2'),
(382, 65, 4, '250000'),
(383, 65, 5, '25000'),
(384, 65, 6, 'B'),
(385, 66, 1, 'Swasta'),
(386, 66, 2, '2'),
(387, 66, 3, '4'),
(388, 66, 4, '450000'),
(389, 66, 5, '80000'),
(390, 66, 6, 'B'),
(391, 67, 1, 'Swasta'),
(392, 67, 2, '2'),
(393, 67, 3, '3'),
(394, 67, 4, '1250000'),
(395, 67, 5, '600000'),
(396, 67, 6, 'A'),
(397, 68, 1, 'Swasta'),
(398, 68, 2, '5'),
(399, 68, 3, '2'),
(400, 68, 4, '2250000'),
(401, 68, 5, '735000'),
(402, 68, 6, 'A'),
(403, 69, 1, 'Swasta'),
(404, 69, 2, '7'),
(405, 69, 3, '1'),
(406, 69, 4, '4300000'),
(407, 69, 5, ' 	400000'),
(408, 69, 6, 'A'),
(409, 70, 1, 'Swasta'),
(410, 70, 2, '4'),
(411, 70, 3, '2'),
(412, 70, 4, '375000'),
(413, 70, 5, '125000'),
(414, 70, 6, 'B'),
(415, 71, 1, 'Swasta'),
(416, 71, 2, '2'),
(417, 71, 3, '3'),
(418, 71, 4, '125000'),
(419, 71, 5, '80000'),
(420, 71, 6, 'B'),
(421, 72, 1, 'Swasta'),
(422, 72, 2, '4'),
(423, 72, 3, '2'),
(424, 72, 4, '1500000'),
(425, 72, 5, '150000'),
(426, 72, 6, 'B'),
(427, 73, 1, 'Swasta'),
(428, 73, 2, '3'),
(429, 73, 3, '8'),
(430, 73, 4, '1250000'),
(431, 73, 5, '600000'),
(432, 73, 6, 'A'),
(433, 74, 1, 'Swasta'),
(434, 74, 2, '2'),
(435, 74, 3, '2'),
(436, 74, 4, '125000'),
(437, 74, 5, '80000'),
(438, 74, 6, 'B'),
(439, 75, 1, 'Swasta'),
(440, 75, 2, '1'),
(441, 75, 3, '4'),
(442, 75, 4, '1750000'),
(443, 75, 5, '250000'),
(444, 75, 6, 'B'),
(445, 76, 1, 'Swasta'),
(446, 76, 2, '2'),
(447, 76, 3, '9'),
(448, 76, 4, '250000'),
(449, 76, 5, '25000'),
(450, 76, 6, 'B'),
(451, 77, 1, 'Swasta'),
(452, 77, 2, '9'),
(453, 77, 3, '2'),
(454, 77, 4, '1500000'),
(455, 77, 5, '150000'),
(456, 77, 6, 'A'),
(457, 78, 1, 'Swasta'),
(458, 78, 2, '2'),
(459, 78, 3, '4'),
(460, 78, 4, '2125000'),
(461, 78, 5, '500000'),
(462, 78, 6, 'A'),
(463, 79, 1, 'Swasta'),
(464, 79, 2, '4'),
(465, 79, 3, '6'),
(466, 79, 4, '125000'),
(467, 79, 5, '80000'),
(468, 79, 6, 'C'),
(469, 80, 1, 'Swasta'),
(470, 80, 2, '1'),
(471, 80, 3, '3'),
(472, 80, 4, '1750000'),
(473, 80, 5, '250000'),
(474, 80, 6, 'B'),
(475, 26, 1, 'Swasta'),
(476, 26, 2, '3'),
(477, 26, 3, '4'),
(478, 26, 4, '125000'),
(479, 26, 5, '80000'),
(480, 26, 6, 'B'),
(481, 1, 7, '12'),
(482, 2, 7, '5'),
(483, 3, 7, '4'),
(484, 4, 7, '3'),
(485, 5, 7, '1'),
(486, 6, 7, '3'),
(487, 7, 7, '3'),
(488, 8, 7, '6'),
(489, 9, 7, '9'),
(490, 10, 7, '10'),
(491, 11, 7, '10'),
(492, 12, 7, '10'),
(493, 13, 7, '3'),
(494, 14, 7, '10'),
(495, 15, 7, '3'),
(496, 16, 7, '13'),
(497, 17, 7, '5'),
(498, 18, 7, '10'),
(499, 19, 7, '14'),
(500, 20, 7, '2'),
(501, 21, 7, '11'),
(502, 22, 7, '11'),
(503, 23, 7, '7'),
(504, 24, 7, '3'),
(505, 25, 7, '12'),
(506, 26, 7, '3'),
(507, 27, 7, '13'),
(508, 28, 7, '3'),
(509, 29, 7, '5'),
(510, 30, 7, '2'),
(511, 31, 7, '11'),
(512, 32, 7, '15'),
(513, 33, 7, '11'),
(514, 34, 7, '14'),
(515, 35, 7, '3'),
(516, 36, 7, '11'),
(517, 37, 7, '11'),
(518, 38, 7, '10'),
(519, 39, 7, '13'),
(520, 40, 7, '3'),
(521, 41, 7, '12'),
(522, 42, 7, '11'),
(523, 43, 7, '11'),
(524, 44, 7, '7'),
(525, 45, 7, '12'),
(526, 46, 7, '1'),
(527, 47, 7, '6'),
(528, 48, 7, '6'),
(529, 49, 7, '14'),
(530, 50, 7, '3'),
(531, 51, 7, '1'),
(532, 52, 7, '2'),
(533, 53, 7, '2'),
(534, 54, 7, '2'),
(535, 55, 7, '4'),
(536, 56, 7, '6'),
(537, 57, 7, '11'),
(538, 58, 7, '3'),
(539, 59, 7, '2'),
(540, 60, 7, '7'),
(541, 61, 7, '8'),
(542, 62, 7, '7'),
(543, 63, 7, '3'),
(544, 64, 7, '15'),
(545, 65, 7, '15'),
(546, 66, 7, '7'),
(547, 67, 7, '8'),
(548, 68, 7, '3'),
(549, 69, 7, '13'),
(550, 70, 7, '15'),
(551, 71, 7, '13'),
(552, 72, 7, '13'),
(553, 73, 7, '7'),
(554, 74, 7, '10'),
(555, 75, 7, '2'),
(556, 76, 7, '2'),
(557, 77, 7, '10'),
(558, 78, 7, '6'),
(559, 79, 7, '15'),
(560, 80, 7, '12');

-- --------------------------------------------------------

--
-- Table structure for table `tk`
--

CREATE TABLE `tk` (
  `id_tk` int(11) NOT NULL,
  `npsn` char(10) NOT NULL,
  `nama_tk` varchar(55) NOT NULL,
  `alamat` varchar(255) NOT NULL,
  `kecamatan` varchar(55) NOT NULL
) ENGINE=InnoDB DEFAULT CHARSET=latin1 ROW_FORMAT=COMPACT;

--
-- Dumping data for table `tk`
--

INSERT INTO `tk` (`id_tk`, `npsn`, `nama_tk`, `alamat`, `kecamatan`) VALUES
(1, '10644540', 'TK AZ-ZAHRAH PALEMBANG', ' Karang Jaya, Gandus, Palembang, sumsel 30149', 'Ilir Barat I'),
(2, '10647183', 'TK YUNITA PALEMBANG', 'JL Angkatan 45 Lr Persatuan, Palembang, Demang Lebar Daun, Ilir Barat I, Palembang City, South Sumatra 30121', 'Ilir Barat I'),
(3, '10644544', 'TK MERPATI POS PALEMBANG', 'JL Anwar Arsyad Way Hitam, Demang Lebar Daun, Ilir Barat I, Palembang City, South Sumatra 30151', 'Ilir Barat I'),
(4, '69876027', 'TK FAJAR INSAN PALEMBANG', 'Lorok Pakjo, Ilir Bar I, Kota Palembang, Sumatera Selatan 30151', 'Ilir Barat I'),
(5, '10647161', 'TK ISLAM TERPADU HARAPAN BUNDA PALEMBANG', ' JL Poltek Rt5, Palembang, Talang Semut, Bukit Kecil, Palembang City, South Sumatra 30121', 'Ilir Barat I'),
(6, '10644559', 'TK KARTIKA II-3 PALEMBANG', ' Jl Senopati No27, Talang Semut, Bukit Kecil, Kota Palembang, Sumatera Selatan 30121', 'Ilir Barat II'),
(7, '69858019', 'TK SYAILENDRA PALEMBANG', ' Jl Depaten Lama No098,143, 27 Ilir, Ilir Bar II, Kota Palembang, Sumatera Selatan 30141', 'Ilir Barat II'),
(8, '10644554', 'TK YAYASAN ISLAM TELADAN PALEMBANG', ' Jl Rambutan No20, 30 Ilir, Ilir Bar II, Kota Palembang, Sumatera Selatan 30129', 'Ilir Barat II'),
(9, '10644556', 'TK DHARMA WANITA PDAM', 'Jl Rambutan No184, 30 Ilir, Ilir Bar II, Kota Palembang, Sumatera Selatan 30129', 'Ilir Barat II'),
(10, '10644339', 'TK PERTIWI 3', 'Jl Sultan Moh Mansyur, 35 Ilir, Ilir Bar II, Kota Palembang, Sumatera Selatan 30134', 'Ilir Barat II'),
(11, '10644590', 'TK HOSANA', ' Jl Dempo Dalam No1084, Kepandean Baru, Ilir Tim I, Kota Palembang, Sumatera Selatan 30125', 'Ilir Timur I'),
(12, '10644513', 'TK TAMAN SISWA', 'Jl Taman Siswa No500, Kepandean Baru, Ilir Tim I, Kota Palembang, Sumatera Selatan 30114', 'Ilir Timur I'),
(13, '10644591', 'TK SANDHY PUTRA 1', 'Jl Kapten Anwar sastro No 20 Palembang', 'Ilir Timur I'),
(14, '10644520', 'TK PANCA BAKTI', '20 Ilir D IV, Ilir Tim I, Kota Palembang, Sumatera Selatan 30151', 'Ilir Timur I'),
(15, '10644580', 'TK AISYIYAH 01', 'Jl Major Ruslan', 'Ilir Timur I'),
(16, '10644596', 'TK BINA SEJAHTERA', 'JL MP Mangkunegara Komp PK Pen, Palembang, 16 Ulu, Seberang Ulu II, Palembang City, South Sumatra 30111', 'Ilir Timur II'),
(17, '10647169', 'TK KEMALA BHAYANGKARI 6', 'Jl Ratu Sianum, 3 Ilir, Ilir Tim II, Kota Palembang, Sumatera Selatan 30111', 'Ilir Timur II'),
(18, '10644613', 'TK KEMALA BHAYANGKARI 1', 'Jl Ratu Sianum, 3 Ilir, Ilir Tim II, Kota Palembang, Sumatera Selatan 30111', 'Ilir Timur II'),
(19, '10647484', 'TK MOULYA PALEMBANG', 'Jl Sutan Syahrir No1583, RT17/RW05, 2 Ilir, Ilir Tim II, Kota Palembang, Sumatera Selatan 30118', 'Ilir Timur II'),
(20, '10647166', 'TK KARTIKA II-2 PALEMBANG', 'Jl Ratu Sianum, 3 Ilir, Ilir Tim II, Kota Palembang, Sumatera Selatan 30115', 'Ilir Timur II'),
(21, '10644338', 'TK N PEMBINA 2 PALEMBANG', 'Komp Opi Jaka Baring, Jalan Gubernur H Bastari, Sungai Kedukan, Rambutan, Kota Palembang, Sumatera Selatan 30257', 'Seberang Ulu I'),
(22, '10647178', 'TK PERTIWI 1 PALEMBANG', 'Jl Bungaran, 7 Ulu, Seberang Ulu I, Kota Palembang, Sumatera Selatan 30111', 'Seberang Ulu I'),
(23, '69935524', 'TK KHALIFAH 27', 'Jl Pangeran Ratu, 5 Ulu, Seberang Ulu I, Kota Palembang, Sumatera Selatan 30267', 'Seberang Ulu I'),
(24, '10647173', 'TK NADIRA', 'JL Sumatera II, Komplek OPI PNS, Palembang, Sungai Kedukan, Rambutan, Banyu Asin Regency, South Sumatra 30967', 'Seberang Ulu I'),
(25, '10644342', 'TK AISYIYAH 03 PALEMBANG', 'JL3/4 ULU DARAT', 'Seberang Ulu I'),
(26, '10644507', 'TK AZHARYAH', 'Jl KH Azhari, 12 Ulu, Seberang Ulu II, Kota Palembang, Sumatera Selatan 30115', 'Seberang Ulu II'),
(27, '10644502', 'TK XAVERIUS 7', ' JL A Yani, Lr A Kadir, Palembang, 16 Ulu, Seberang Ulu II, Palembang City, South Sumatra 30111', 'Seberang Ulu II'),
(28, '10644510', 'TK YASPA', ' Jl Tangga Takat, Tangga Takat, Seberang Ulu II, Kota Palembang, Sumatera Selatan 30111', 'Seberang Ulu II'),
(29, '10647189', 'TK ISLAM NURJANNAH', ' 16 Ulu, Seberang Ulu II, Kota Palembang, Sumatera Selatan 30111', 'Seberang Ulu II'),
(30, '69958528', 'TK SYAKIRA', 'Jl Jaya 7 Lorong Lematang, 16 Ulu, Seberang Ulu II, Kota Palembang, Sumatera Selatan 30111', 'Seberang Ulu II'),
(31, '69936574', 'TK ALVINO', 'Kalidoni, Kota Palembang, Sumatera Selatan 30161', 'Kalidoni'),
(32, '10644193', 'TK ISLAM DARUSSALAM', 'JL May Zen, No 89 RT 16, Palembang, Lorok Pakjo, Ilir Barat I, Palembang City, South Sumatra 30151', 'Kalidoni'),
(33, '10644201', 'TK NUSA INDAH 1', 'Jl Kenari No2, 9 Ilir, Ilir Tim II, Kota Palembang, Sumatera Selatan 30967', 'Kalidoni'),
(34, '10644197', 'TK MUSTAQOBUL KHOIR', 'JLIR SUTAMI NO103 Kalidoni Kab-Kota/Negara (LN), : Kota Palembang', 'Kalidoni'),
(35, '10644184', 'TK ADINDA', 'Jl Praja Gupta, Bukit Sangkal, Kalidoni, Kota Palembang, Sumatera Selatan 30163', 'Kalidoni'),
(36, '10644168', 'TK ELEKTRINA', 'Jl Abikusno Cokro Suyoso - Komunitas PAUD', 'Kertapati'),
(37, '10644169', 'TK HANDAYANI', 'Jl Palembang - Jambi, Sukodadi, Sukarami, Kota Palembang, Sumatera Selatan 30961', 'Kertapati'),
(38, '10644167', 'TK AISYIYAH 12', 'Jl KI Merogan No594, Kemang Agung, Kertapati, Kota Palembang, Sumatera Selatan 30258', 'Kertapati'),
(39, '10644166', 'TK ACTIVE', 'Jl Mataram, Kemas Rindo, Kertapati, Kota Palembang, Sumatera Selatan 30257', 'Kertapati'),
(40, '69947077', 'TK PELANGI AGUNG', 'TK PELANGI JL SUKABANGUN 1 NO 1159, Suka Bangun, Kec Sukarami, KotaPalembang', 'Kertapati'),
(41, '10644515', 'TK MENTARI INDONESIA', 'Kebun Bunga, Sukarami, Kota Palembang, Sumatera Selatan 30961', 'Sukarami'),
(42, '10644283', 'TK ANGKASA LANUD', 'Jl Adi Sucipto, Sukodadi, Sukarami, Kota Palembang, Sumatera Selatan 30961', 'Sukarami'),
(43, '10644525', 'TK MUSTIKA DYASA', 'Jl Air Padang No835, Suka Maju, Sako, Kota Palembang, Sumatera Selatan 30961', 'Sukarami'),
(44, '10644519', 'TK YP INDRA 2 PALEMBANG', 'Jl Sosial No441, Ario Kemuning, Kemuning, Kota Palembang, Sumatera Selatan 30151', 'Sukarami'),
(45, '10644298', 'TK HARAPAN KITA', 'Lorong Talang Kemang 1, Sentosa, Seberang Ulu II, Kota Palembang, Sumatera Selatan 30111', 'Alang-alang Lebar'),
(46, '10644270', 'TK ADILLA MULIA 1', 'JLPMD NO99 ALANG-ALANG LEBAR SUKARAMI Kabupaten/Kota: Kota Palembang', 'Sukarami'),
(47, '69858100', 'TK TARUNA SRIWIJAYA', 'Lorong Langgar No643, Suka Maju, Kemuning, Kota Palembang, Sumatera Selatan 30164', 'Sako'),
(48, '10644334', 'TK MARFUAH', ' Jl A Rahmat, RT10, Suka Maju, Sako, Kota Palembang, Sumatera Selatan 30961', 'Sako'),
(49, '69773027', 'TK ANANDA', 'JL Putri Kembang Dadar, RT 52 RW 16, Bukit Lama, Talang Semut, Bukit Kecil, Kota Palembang, Sumatera Selatan 30113', 'Sako'),
(50, '10644313', 'TK DOA IBU', 'Sukajaya, Sukarami, Kota Palembang, Sumatera Selatan 30961', 'Sako'),
(51, '69876023', 'TK IT AULADI', 'Jl Inspektur Marzuki No834, Siring Agung, Ilir Bar I, Kota Palembang, Sumatera Selatan 30151', 'Sako'),
(52, '10647174', 'TK NAK SUKO NIAN', 'JL Supersemar Sp Jaya, Palembang, Pipa Jaya, Kemuning, Palembang City, South Sumatra 30961', 'Kemuning'),
(53, '10644210', 'TK AMALIYAH', 'JL Supersemar Sp Jaya, Palembang, Pipa Jaya, Kemuning, Palembang City, South Sumatra 30961', 'Kemuning'),
(54, '10644216', 'TK KARTIKA II-4', 'Jl Gama 1, Pipa Jaya, Kemuning, Kota Palembang, Sumatera Selatan 30164', 'Kemuning'),
(55, '10644211', 'TK BAPTIS', 'Alamat Jl Jend Sudirman Km 2,5/490 Palembang,', 'Kemuning'),
(56, '69899604', 'TK ANUGERAH INDAH', 'TK ANUGERAH INDAH JL AKBP H UMAR RT 22 RW 01, Ario Kemuning, Kec Kemuning, Kota Palembang', 'Kemuning'),
(57, '10644281', 'TK AL-KAUTSAR', 'Gg Al Kautsar, 16 Ulu, Seberang Ulu II, Kota Palembang, Sumatera Selatan 30111', 'Alang-alang Lebar'),
(58, '10644294', 'TK FATIMAH 05 PALEMBANG', 'Sukamoro, Talang Klp, Kabupaten Banyu Asin, Sumatera Selatan', 'Alang-alang Lebar'),
(59, '69876012', 'TK MANDIRI PALEMBANG', 'Jl Sukabangun II, Sukajaya, Sukarami, Kota Palembang, Sumatera Selatan 30961', 'Alang-alang Lebar'),
(60, '10644277', 'TK AVIA PALEMBANG', 'Jl Bali No4, Sako, Kota Palembang, Sumatera Selatan 30961', 'Alang-alang Lebar'),
(61, '10644229', 'TK SINAR HARAPAN PALEMBANG', ' TK SINAR HARAPAN PALEMBANG JLSIDO ING LAUTAN, KARANG ANYAR, Kec Gandus, Kota Palembang', 'Gandus'),
(62, '10644230', 'TK TERATAI PUTIH PALEMBANG', 'JLPERUM GRIYA ASRI', 'Gandus'),
(63, '69913144', 'TK HANIYAH ZAHRA ', 'PERUMAHAN PATRA SRIWIJAYA BLOK EB 10 RT 205 RW 05, Gandus, Kec Gandus, Kota Palembang', 'Gandus'),
(64, '10644227', 'TK IT DETAFANA', 'Bukit Lama, Ilir Bar I, Kota Palembang, Sumatera Selatan 30139', 'Gandus'),
(65, '69876025', 'TK TUNAS TELADAN PALEMBANG', 'JL PERUMAHAN PNS PEMKOT AH 11', 'Gandus'),
(66, '10644240', 'TK CATUR DHARMA PERDANA PALEMBANG', 'JLPAK AROHIM NO18', 'Bukit Kecil'),
(67, '10644246', 'TK ISLAM TERPADU HARAPAN MULIA', 'JLDR WOIHIN NO4', 'Bukit Kecil'),
(68, '10644236', 'TK AISYIYAH 06 PALEMBANG', 'JLKH DAHLAN NO23B', 'Bukit Kecil'),
(69, '10644259', 'TK XAVERIUS 04 PALEMBANG', 'JLKH A DAHLAN NO34', 'Bukit Kecil'),
(70, '10644232', 'TK AISYIYAH 16 PALEMBANG', 'JLRUSUN BLOK 30 DN 09', 'Bukit Kecil'),
(71, '10644309', 'TK XAVERIUS 9', 'Jl Betawi Raya No1707, Lebong Gajah, Sematang Borang, Kota Palembang, Sumatera Selatan 30163', 'Sematang Borang'),
(72, '10647986', 'TK AN - NUR', ' Jl Srijaya Lrg Cempaka Merah, RT14/RW05, Srijaya, Alang Alang Lebar, Kota Palembang, Sumatera Selatan 30151', 'Sematang Borang'),
(73, '10644318', 'TK TUNAS RIMBA', ' jalan perintis raya komp multiwahana blok n5, Sako, Kota Palembang, Sumatera Selatan 30961', 'Sematang Borang'),
(74, '69899599', 'PAUD HATI BUNDA', 'Sako, Kota Palembang, Sumatera Selatan 30961', 'Sematang Borang'),
(75, '10644317', 'TK FATIMAH 2', 'Talang Klp, Alang Alang Lebar, Kota Palembang, Sumatera Selatan 30961', 'Sematang Borang'),
(76, '10644179', 'TK PWP 3', '20 Ilir D IV, Ilir Tim I, Kota Palembang, Sumatera Selatan 30151', 'Plaju'),
(77, '10644175', 'TK MINI', ' Jl DI Panjaitan No11, Bagus Kuning, Kec Plaju, Kota Palembang, Sumatera Selatan 30119', 'Plaju'),
(78, '10644177', 'TK PWP 1', ' Komperta, Kec Plaju, Kota Palembang, Sumatera Selatan 30967', 'Plaju'),
(79, '10644180', 'TK PWP 2 ', 'BAGUS KUNING PALEMBANG', 'Plaju'),
(80, '10644176', 'TK PURI', ' Lorong Gembira, Talang Putri, Kec Plaju, Kota Palembang, Sumatera Selatan 30967', 'Plaju');

-- --------------------------------------------------------

--
-- Table structure for table `users`
--

CREATE TABLE `users` (
  `id_users` int(11) NOT NULL,
  `nama` varchar(255) NOT NULL,
  `jabatan` varchar(255) NOT NULL,
  `username` varchar(55) NOT NULL,
  `password` varchar(255) NOT NULL
) ENGINE=InnoDB DEFAULT CHARSET=latin1;

--
-- Dumping data for table `users`
--

INSERT INTO `users` (`id_users`, `nama`, `jabatan`, `username`, `password`) VALUES
(1, 'Nama Admin', 'Admin', 'admin', '21232f297a57a5a743894a0e4a801fc3'),
(2, 'Nama Dinas', 'Dinas Pendidikan', 'dinas', '097dad4a551e3cb88ed7afc7a6c0de40');

--
-- Indexes for dumped tables
--

--
-- Indexes for table `kriteria`
--
ALTER TABLE `kriteria`
  ADD PRIMARY KEY (`id_kriteria`);

--
-- Indexes for table `nilai_evaluasi`
--
ALTER TABLE `nilai_evaluasi`
  ADD PRIMARY KEY (`id_evaluasi`),
  ADD KEY `id_tk` (`id_tk`),
  ADD KEY `id_kriteria` (`id_kriteria`);

--
-- Indexes for table `tk`
--
ALTER TABLE `tk`
  ADD PRIMARY KEY (`id_tk`);

--
-- Indexes for table `users`
--
ALTER TABLE `users`
  ADD PRIMARY KEY (`id_users`);

--
-- AUTO_INCREMENT for dumped tables
--

--
-- AUTO_INCREMENT for table `kriteria`
--
ALTER TABLE `kriteria`
  MODIFY `id_kriteria` int(11) NOT NULL AUTO_INCREMENT, AUTO_INCREMENT=8;
--
-- AUTO_INCREMENT for table `nilai_evaluasi`
--
ALTER TABLE `nilai_evaluasi`
  MODIFY `id_evaluasi` int(11) NOT NULL AUTO_INCREMENT, AUTO_INCREMENT=568;
--
-- AUTO_INCREMENT for table `tk`
--
ALTER TABLE `tk`
  MODIFY `id_tk` int(11) NOT NULL AUTO_INCREMENT, AUTO_INCREMENT=82;
--
-- AUTO_INCREMENT for table `users`
--
ALTER TABLE `users`
  MODIFY `id_users` int(11) NOT NULL AUTO_INCREMENT, AUTO_INCREMENT=3;
--
-- Constraints for dumped tables
--

--
-- Constraints for table `nilai_evaluasi`
--
ALTER TABLE `nilai_evaluasi`
  ADD CONSTRAINT `nilai_evaluasi_ibfk_1` FOREIGN KEY (`id_tk`) REFERENCES `tk` (`id_tk`) ON DELETE CASCADE ON UPDATE CASCADE,
  ADD CONSTRAINT `nilai_evaluasi_ibfk_2` FOREIGN KEY (`id_kriteria`) REFERENCES `kriteria` (`id_kriteria`) ON DELETE CASCADE ON UPDATE CASCADE;

/*!40101 SET CHARACTER_SET_CLIENT=@OLD_CHARACTER_SET_CLIENT */;
/*!40101 SET CHARACTER_SET_RESULTS=@OLD_CHARACTER_SET_RESULTS */;
/*!40101 SET COLLATION_CONNECTION=@OLD_COLLATION_CONNECTION */;
